signer34_sample1,50
signer34_sample2,132
signer34_sample3,205
signer34_sample4,78
signer34_sample5,48
signer34_sample6,37
signer34_sample7,26
signer34_sample8,145
signer34_sample9,145
signer34_sample10,31
signer34_sample11,78
signer34_sample12,179
signer34_sample13,190
signer34_sample14,188
signer34_sample15,210
signer34_sample16,145
signer34_sample17,195
signer34_sample18,199
signer34_sample19,81
signer34_sample20,25
signer34_sample21,61
signer34_sample22,179
signer34_sample23,179
signer34_sample24,78
signer34_sample25,205
signer34_sample26,30
signer34_sample27,0
signer34_sample28,61
signer34_sample29,179
signer34_sample30,145
signer34_sample31,26
signer34_sample32,205
signer34_sample33,163
signer34_sample34,33
signer34_sample35,224
signer34_sample36,118
signer34_sample37,224
signer34_sample38,179
signer34_sample39,106
signer34_sample40,145
signer34_sample41,199
signer34_sample42,118
signer34_sample43,47
signer34_sample44,179
signer34_sample45,224
signer34_sample46,61
signer34_sample47,134
signer34_sample48,199
signer34_sample49,195
signer34_sample50,162
signer34_sample51,190
signer34_sample52,224
signer34_sample53,199
signer34_sample54,195
signer34_sample55,69
signer34_sample56,134
signer34_sample57,145
signer34_sample58,142
signer34_sample59,37
signer34_sample60,224
signer34_sample61,134
signer34_sample62,204
signer34_sample63,164
signer34_sample64,145
signer34_sample65,59
signer34_sample66,145
signer34_sample67,13
signer34_sample68,162
signer34_sample69,188
signer34_sample70,174
signer34_sample71,61
signer34_sample72,7
signer34_sample73,61
signer34_sample74,95
signer34_sample75,29
signer34_sample76,81
signer34_sample77,205
signer34_sample78,61
signer34_sample79,139
signer34_sample80,31
signer34_sample81,224
signer34_sample82,205
signer34_sample83,149
signer34_sample84,33
signer34_sample85,177
signer34_sample86,66
signer34_sample87,170
signer34_sample88,188
signer34_sample89,48
signer34_sample90,145
signer34_sample91,210
signer34_sample92,167
signer34_sample93,142
signer34_sample94,156
signer34_sample95,145
signer34_sample96,224
signer34_sample97,33
signer34_sample98,224
signer34_sample99,31
signer34_sample100,218
signer34_sample101,218
signer34_sample102,78
signer34_sample103,28
signer34_sample104,145
signer34_sample105,81
signer34_sample106,59
signer34_sample107,145
signer34_sample108,48
signer34_sample109,48
signer34_sample110,145
signer34_sample111,100
signer34_sample112,179
signer34_sample113,124
signer34_sample114,199
signer34_sample115,171
signer34_sample116,61
signer34_sample117,29
signer34_sample118,139
signer34_sample119,205
signer34_sample120,170
signer34_sample121,61
signer34_sample122,48
signer34_sample123,205
signer34_sample124,179
signer34_sample125,204
signer34_sample126,224
signer34_sample127,164
signer34_sample128,37
signer34_sample129,1
signer34_sample130,179
signer34_sample131,195
signer34_sample132,134
signer34_sample133,224
signer34_sample134,224
signer34_sample135,190
signer34_sample136,145
signer34_sample137,131
signer34_sample138,224
signer34_sample139,184
signer34_sample140,179
signer34_sample141,61
signer34_sample142,224
signer34_sample143,224
signer34_sample144,102
signer34_sample145,195
signer34_sample146,167
signer34_sample147,33
signer34_sample148,61
signer34_sample149,61
signer34_sample150,51
signer34_sample151,205
signer34_sample152,31
signer34_sample153,174
signer34_sample154,102
signer34_sample155,78
signer34_sample156,11
signer34_sample157,56
signer34_sample158,169
signer34_sample159,69
signer34_sample160,56
signer34_sample161,179
signer34_sample162,224
signer34_sample163,61
signer34_sample164,171
signer34_sample165,177
signer34_sample166,199
signer34_sample167,132
signer34_sample168,61
signer34_sample169,78
signer34_sample170,179
signer34_sample171,37
signer34_sample172,167
signer34_sample173,59
signer34_sample174,179
signer34_sample175,204
signer34_sample176,48
signer34_sample177,29
signer34_sample178,78
signer34_sample179,139
signer34_sample180,56
signer34_sample181,95
signer34_sample182,179
signer34_sample183,132
signer34_sample184,81
signer34_sample185,179
signer34_sample186,134
signer34_sample187,183
signer34_sample188,145
signer34_sample189,29
signer34_sample190,131
signer34_sample191,224
signer34_sample192,134
signer34_sample193,69
signer34_sample194,78
signer34_sample195,139
signer34_sample196,145
signer34_sample197,13
signer34_sample198,132
signer34_sample199,51
signer34_sample200,61
signer34_sample201,183
signer34_sample202,177
signer34_sample203,92
signer34_sample204,48
signer34_sample205,134
signer34_sample206,61
signer34_sample207,145
signer34_sample208,66
signer34_sample209,83
signer34_sample210,132
signer34_sample211,167
signer34_sample212,43
signer34_sample213,167
signer34_sample214,48
signer34_sample215,195
signer34_sample216,95
signer34_sample217,224
signer34_sample218,37
signer34_sample219,179
signer34_sample220,48
signer34_sample221,48
signer34_sample222,188
signer34_sample223,199
signer34_sample224,45
signer34_sample225,219
signer34_sample226,224
signer34_sample227,139
signer34_sample228,205
signer34_sample229,199
signer34_sample230,50
signer34_sample231,61
signer34_sample232,224
signer34_sample233,48
signer34_sample234,156
signer34_sample235,48
signer34_sample236,224
signer34_sample237,48
signer34_sample238,190
signer34_sample239,224
signer34_sample240,195
signer34_sample241,162
signer34_sample242,78
signer34_sample243,45
signer34_sample244,66
signer34_sample245,205
signer34_sample246,69
signer34_sample247,145
signer34_sample248,7
signer34_sample249,94
signer34_sample250,145
signer34_sample251,171
signer34_sample252,118
signer34_sample253,139
signer34_sample254,195
signer34_sample255,26
signer34_sample256,224
signer34_sample257,134
signer34_sample258,31
signer34_sample259,179
signer34_sample260,195
signer34_sample261,145
signer34_sample262,50
signer34_sample263,183
signer34_sample264,126
signer34_sample265,177
signer34_sample266,183
signer34_sample267,83
signer34_sample268,169
signer34_sample269,103
signer34_sample270,43
signer34_sample271,162
signer34_sample272,33
signer34_sample273,29
signer34_sample274,48
signer34_sample275,78
signer34_sample276,78
signer34_sample277,0
signer34_sample278,66
signer34_sample279,213
signer34_sample280,0
signer34_sample281,195
signer34_sample282,102
signer34_sample283,61
signer34_sample284,156
signer34_sample285,132
signer34_sample286,66
signer34_sample287,66
signer34_sample288,29
signer34_sample289,204
signer34_sample290,78
signer34_sample291,28
signer34_sample292,131
signer34_sample293,179
signer34_sample294,145
signer34_sample295,37
signer34_sample296,50
signer34_sample297,83
signer34_sample298,218
signer34_sample299,134
signer34_sample300,31
signer34_sample301,205
signer34_sample302,145
signer34_sample303,179
signer34_sample304,139
signer34_sample305,224
signer34_sample306,179
signer34_sample307,37
signer34_sample308,106
signer34_sample309,215
signer34_sample310,203
signer34_sample311,179
signer34_sample312,118
signer34_sample313,134
signer34_sample314,61
signer34_sample315,145
signer34_sample316,205
signer34_sample317,78
signer34_sample318,224
signer34_sample319,145
signer34_sample320,203
signer34_sample321,156
signer34_sample322,118
signer34_sample323,61
signer34_sample324,126
signer34_sample325,95
signer34_sample326,224
signer34_sample327,204
signer34_sample328,145
signer34_sample329,179
signer34_sample330,145
signer34_sample331,75
signer34_sample332,37
signer34_sample333,204
signer34_sample334,134
signer34_sample335,78
signer34_sample336,145
signer34_sample337,48
signer34_sample338,61
signer34_sample339,78
signer34_sample340,195
signer34_sample341,1
signer34_sample342,37
signer34_sample343,205
signer34_sample344,134
signer34_sample345,167
signer34_sample346,134
signer34_sample347,61
signer34_sample348,33
signer34_sample349,215
signer34_sample350,61
signer34_sample351,132
signer34_sample352,134
signer34_sample353,78
signer34_sample354,204
signer34_sample355,171
signer34_sample356,69
signer34_sample357,179
signer34_sample358,37
signer34_sample359,66
signer34_sample360,204
signer34_sample361,195
signer34_sample362,134
signer34_sample363,48
signer34_sample364,82
signer34_sample365,51
signer34_sample366,134
signer34_sample367,145
signer34_sample368,118
signer34_sample369,59
signer34_sample370,134
signer34_sample371,37
signer34_sample372,171
signer34_sample373,145
signer34_sample374,29
signer34_sample375,41
signer34_sample376,78
signer34_sample377,167
signer34_sample378,205
signer34_sample379,224
signer34_sample380,50
signer34_sample381,163
signer34_sample382,162
signer34_sample383,131
signer34_sample384,145
signer34_sample385,224
signer34_sample386,103
signer34_sample387,134
signer34_sample388,90
signer34_sample389,97
signer34_sample390,118
signer34_sample391,94
signer34_sample392,213
signer34_sample393,112
signer34_sample394,33
signer34_sample395,48
signer34_sample396,190
signer34_sample397,37
signer34_sample398,1
signer34_sample399,205
signer34_sample400,37
signer34_sample401,48
signer34_sample402,162
signer34_sample403,224
signer34_sample404,95
signer34_sample405,224
signer34_sample406,69
signer34_sample407,179
signer34_sample408,167
signer34_sample409,78
signer34_sample410,145
signer34_sample411,102
signer34_sample412,224
signer34_sample413,179
signer34_sample414,224
signer34_sample415,118
signer34_sample416,69
signer34_sample417,161
signer34_sample418,59
signer34_sample419,224
signer34_sample420,48
signer34_sample421,33
signer34_sample422,182
signer34_sample423,33
signer34_sample424,31
signer34_sample425,75
signer34_sample426,139
signer34_sample427,139
signer34_sample428,78
signer34_sample429,66
signer34_sample430,41
signer34_sample431,61
signer34_sample432,118
signer34_sample433,171
signer34_sample434,134
signer34_sample435,41
signer34_sample436,179
signer34_sample437,123
signer34_sample438,204
signer34_sample439,97
signer34_sample440,61
signer34_sample441,134
signer34_sample442,179
signer34_sample443,26
signer34_sample444,218
signer34_sample445,78
signer34_sample446,195
signer34_sample447,215
signer34_sample448,224
signer34_sample449,69
signer34_sample450,75
signer34_sample451,145
signer34_sample452,50
signer34_sample453,224
signer34_sample454,224
signer34_sample455,112
signer34_sample456,48
signer34_sample457,41
signer34_sample458,219
signer34_sample459,61
signer34_sample460,214
signer34_sample461,112
signer34_sample462,78
signer34_sample463,48
signer34_sample464,139
signer34_sample465,134
signer34_sample466,162
signer34_sample467,37
signer34_sample468,156
signer34_sample469,183
signer34_sample470,11
signer34_sample471,179
signer34_sample472,182
signer34_sample473,205
signer34_sample474,134
signer34_sample475,61
signer34_sample476,139
signer34_sample477,31
signer34_sample478,134
signer34_sample479,195
signer34_sample480,199
signer34_sample481,145
signer34_sample482,69
signer34_sample483,132
signer34_sample484,48
signer34_sample485,48
signer34_sample486,95
signer34_sample487,205
signer34_sample488,167
signer34_sample489,81
signer34_sample490,29
signer34_sample491,59
signer34_sample492,134
signer34_sample493,0
signer34_sample494,78
signer34_sample495,145
signer34_sample496,33
signer34_sample497,1
signer34_sample498,205
signer34_sample499,50
signer34_sample500,61
signer34_sample501,37
signer34_sample502,205
signer34_sample503,41
signer34_sample504,26
signer34_sample505,94
signer34_sample506,26
signer34_sample507,224
signer34_sample508,203
signer34_sample509,61
signer34_sample510,106
signer34_sample511,134
signer34_sample512,145
signer34_sample513,92
signer34_sample514,66
signer34_sample515,145
signer34_sample516,145
signer34_sample517,61
signer34_sample518,61
signer34_sample519,132
signer34_sample520,0
signer34_sample521,69
signer34_sample522,123
signer34_sample523,184
signer34_sample524,224
signer34_sample525,215
signer34_sample526,204
signer34_sample527,118
signer34_sample528,224
signer34_sample529,51
signer34_sample530,69
signer34_sample531,161
signer34_sample532,199
signer34_sample533,90
signer34_sample534,0
signer34_sample535,184
signer34_sample536,43
signer34_sample537,179
signer34_sample538,37
signer34_sample539,61
signer34_sample540,183
signer34_sample541,145
signer34_sample542,145
signer34_sample543,145
signer34_sample544,48
signer34_sample545,132
signer34_sample546,132
signer34_sample547,29
signer34_sample548,7
signer34_sample549,179
signer34_sample550,156
signer34_sample551,48
signer34_sample552,104
signer34_sample553,61
signer34_sample554,131
signer34_sample555,205
signer34_sample556,102
signer34_sample557,167
signer34_sample558,224
signer34_sample559,134
signer34_sample560,163
signer34_sample561,224
signer34_sample562,61
signer34_sample563,48
signer34_sample564,69
signer34_sample565,102
signer34_sample566,219
signer34_sample567,195
signer34_sample568,59
signer34_sample569,183
signer34_sample570,48
signer34_sample571,195
signer34_sample572,48
signer34_sample573,199
signer34_sample574,61
signer34_sample575,224
signer34_sample576,101
signer34_sample577,134
signer34_sample578,224
signer34_sample579,134
signer34_sample580,145
signer34_sample581,48
signer34_sample582,47
signer34_sample583,78
signer34_sample584,66
signer34_sample585,45
signer34_sample586,145
signer34_sample587,195
signer34_sample588,205
signer34_sample589,134
signer34_sample590,195
signer34_sample591,145
signer34_sample592,133
signer34_sample593,177
signer34_sample594,190
signer34_sample595,78
signer34_sample596,134
signer34_sample597,134
signer34_sample598,7
signer34_sample599,78
signer34_sample600,78
signer34_sample601,199
signer34_sample602,97
signer34_sample603,37
signer34_sample604,145
signer34_sample605,31
signer34_sample606,169
signer34_sample607,26
signer34_sample608,162
signer34_sample609,139
signer34_sample610,195
signer34_sample611,139
signer34_sample612,37
signer34_sample613,177
signer34_sample614,199
signer34_sample615,81
signer34_sample616,69
signer34_sample617,31
signer34_sample618,61
signer34_sample619,134
signer34_sample620,48
signer34_sample621,224
signer34_sample622,97
signer34_sample623,61
signer34_sample624,224
signer34_sample625,167
signer34_sample626,156
signer34_sample627,179
signer34_sample628,195
signer34_sample629,78
signer34_sample630,69
signer34_sample631,66
signer34_sample632,145
signer34_sample633,59
signer34_sample634,182
signer34_sample635,179
signer34_sample636,69
signer34_sample637,28
signer34_sample638,78
signer34_sample639,81
signer34_sample640,69
signer34_sample641,13
signer34_sample642,145
signer34_sample643,145
signer34_sample644,61
signer34_sample645,26
signer34_sample646,48
signer34_sample647,41
signer34_sample648,78
signer34_sample649,66
signer34_sample650,134
signer34_sample651,97
signer34_sample652,31
signer34_sample653,182
signer34_sample654,61
signer34_sample655,205
signer34_sample656,139
signer34_sample657,95
signer6_sample1,126
signer6_sample2,31
signer6_sample3,224
signer6_sample4,199
signer6_sample5,31
signer6_sample6,41
signer6_sample7,33
signer6_sample8,61
signer6_sample9,37
signer6_sample10,92
signer6_sample11,182
signer6_sample12,193
signer6_sample13,171
signer6_sample14,218
signer6_sample15,139
signer6_sample16,78
signer6_sample17,61
signer6_sample18,224
signer6_sample19,78
signer6_sample20,139
signer6_sample21,69
signer6_sample22,59
signer6_sample23,162
signer6_sample24,37
signer6_sample25,48
signer6_sample26,37
signer6_sample27,90
signer6_sample28,134
signer6_sample29,145
signer6_sample30,218
signer6_sample31,114
signer6_sample32,48
signer6_sample33,145
signer6_sample34,179
signer6_sample35,164
signer6_sample36,199
signer6_sample37,224
signer6_sample38,81
signer6_sample39,145
signer6_sample40,163
signer6_sample41,145
signer6_sample42,61
signer6_sample43,224
signer6_sample44,112
signer6_sample45,29
signer6_sample46,78
signer6_sample47,164
signer6_sample48,112
signer6_sample49,145
signer6_sample50,29
signer6_sample51,224
signer6_sample52,26
signer6_sample53,94
signer6_sample54,118
signer6_sample55,167
signer6_sample56,11
signer6_sample57,215
signer6_sample58,158
signer6_sample59,97
signer6_sample60,134
signer6_sample61,215
signer6_sample62,90
signer6_sample63,94
signer6_sample64,224
signer6_sample65,224
signer6_sample66,174
signer6_sample67,199
signer6_sample68,31
signer6_sample69,134
signer6_sample70,31
signer6_sample71,61
signer6_sample72,224
signer6_sample73,224
signer6_sample74,97
signer6_sample75,31
signer6_sample76,61
signer6_sample77,26
signer6_sample78,213
signer6_sample79,37
signer6_sample80,61
signer6_sample81,26
signer6_sample82,224
signer6_sample83,224
signer6_sample84,28
signer6_sample85,59
signer6_sample86,224
signer6_sample87,29
signer6_sample88,31
signer6_sample89,218
signer6_sample90,92
signer6_sample91,218
signer6_sample92,224
signer6_sample93,145
signer6_sample94,224
signer6_sample95,224
signer6_sample96,182
signer6_sample97,224
signer6_sample98,195
signer6_sample99,177
signer6_sample100,61
signer6_sample101,37
signer6_sample102,37
signer6_sample103,156
signer6_sample104,69
signer6_sample105,182
signer6_sample106,81
signer6_sample107,163
signer6_sample108,11
signer6_sample109,193
signer6_sample110,146
signer6_sample111,179
signer6_sample112,63
signer6_sample113,211
signer6_sample114,224
signer6_sample115,78
signer6_sample116,78
signer6_sample117,41
signer6_sample118,205
signer6_sample119,188
signer6_sample120,134
signer6_sample121,177
signer6_sample122,59
signer6_sample123,215
signer6_sample124,126
signer6_sample125,218
signer6_sample126,134
signer6_sample127,199
signer6_sample128,51
signer6_sample129,177
signer6_sample130,61
signer6_sample131,163
signer6_sample132,101
signer6_sample133,224
signer6_sample134,61
signer6_sample135,179
signer6_sample136,61
signer6_sample137,156
signer6_sample138,224
signer6_sample139,61
signer6_sample140,163
signer6_sample141,179
signer6_sample142,132
signer6_sample143,0
signer6_sample144,134
signer6_sample145,126
signer6_sample146,48
signer6_sample147,132
signer6_sample148,61
signer6_sample149,183
signer6_sample150,126
signer6_sample151,132
signer6_sample152,166
signer6_sample153,37
signer6_sample154,37
signer6_sample155,61
signer6_sample156,156
signer6_sample157,163
signer6_sample158,205
signer6_sample159,167
signer6_sample160,48
signer6_sample161,132
signer6_sample162,177
signer6_sample163,21
signer6_sample164,69
signer6_sample165,113
signer6_sample166,218
signer6_sample167,29
signer6_sample168,37
signer6_sample169,164
signer6_sample170,132
signer6_sample171,224
signer6_sample172,37
signer6_sample173,179
signer6_sample174,199
signer6_sample175,224
signer6_sample176,37
signer6_sample177,139
signer6_sample178,199
signer6_sample179,95
signer6_sample180,224
signer6_sample181,94
signer6_sample182,61
signer6_sample183,218
signer6_sample184,61
signer6_sample186,156
signer6_sample187,218
signer6_sample188,72
signer6_sample189,176
signer6_sample190,156
signer6_sample191,56
signer6_sample192,179
signer6_sample193,37
signer6_sample194,224
signer6_sample195,139
signer6_sample196,26
signer6_sample197,37
signer6_sample198,162
signer6_sample199,118
signer6_sample200,132
signer6_sample201,61
signer6_sample202,95
signer6_sample203,31
signer6_sample204,101
signer6_sample205,97
signer6_sample206,61
signer6_sample207,195
signer6_sample208,139
signer6_sample209,134
signer6_sample210,179
signer6_sample211,61
signer6_sample212,224
signer6_sample213,199
signer6_sample214,48
signer6_sample215,224
signer6_sample216,158
signer6_sample217,78
signer6_sample218,205
signer6_sample219,102
signer6_sample220,179
signer6_sample221,224
signer6_sample222,37
signer6_sample223,0
signer6_sample224,164
signer6_sample225,37
signer6_sample226,69
signer6_sample227,78
signer6_sample228,182
signer6_sample229,61
signer6_sample230,167
signer6_sample231,156
signer6_sample232,37
signer6_sample233,145
signer6_sample234,188
signer6_sample235,126
signer6_sample236,145
signer6_sample237,179
signer6_sample238,176
signer6_sample239,139
signer6_sample240,161
signer6_sample241,145
signer6_sample242,78
signer6_sample243,177
signer6_sample244,139
signer6_sample245,156
signer6_sample246,31
signer6_sample247,62
signer6_sample248,97
signer6_sample249,37
signer6_sample250,139
signer6_sample251,78
signer6_sample252,37
signer6_sample253,118
signer6_sample254,90
signer6_sample255,126
signer6_sample256,0
signer6_sample257,61
signer6_sample258,31
signer6_sample259,179
signer6_sample260,176
signer6_sample261,61
signer6_sample262,48
signer6_sample263,126
signer6_sample264,218
signer6_sample265,171
signer6_sample266,78
signer6_sample267,26
signer6_sample268,48
signer6_sample269,104
signer6_sample270,224
signer6_sample271,224
signer6_sample272,11
signer6_sample273,134
signer6_sample274,205
signer6_sample275,132
signer6_sample276,66
signer6_sample277,224
signer6_sample278,102
signer6_sample279,205
signer6_sample280,224
signer6_sample281,45
signer6_sample282,205
signer6_sample283,61
signer6_sample284,59
signer6_sample285,90
signer6_sample286,164
signer6_sample287,61
signer6_sample288,48
signer6_sample289,145
signer6_sample290,48
signer6_sample291,31
signer6_sample292,145
signer6_sample293,81
signer6_sample294,134
signer6_sample295,92
signer6_sample296,164
signer6_sample297,97
signer6_sample298,164
signer6_sample299,37
signer6_sample300,61
signer6_sample301,37
signer6_sample302,29
signer6_sample303,179
signer6_sample304,179
signer6_sample305,156
signer6_sample306,29
signer6_sample307,48
signer6_sample308,45
signer6_sample309,224
signer6_sample310,177
signer6_sample311,54
signer6_sample312,215
signer6_sample313,43
signer6_sample314,204
signer6_sample315,179
signer6_sample316,33
signer6_sample317,69
signer6_sample318,97
signer6_sample319,146
signer6_sample320,126
signer6_sample321,182
signer6_sample322,78
signer6_sample323,97
signer6_sample324,167
signer6_sample325,48
signer6_sample326,224
signer6_sample327,69
signer6_sample328,179
signer6_sample329,145
signer6_sample330,199
signer6_sample331,224
signer6_sample332,199
signer6_sample333,48
signer6_sample334,183
signer6_sample335,146
signer6_sample336,78
signer6_sample337,78
signer6_sample338,145
signer6_sample339,142
signer6_sample340,182
signer6_sample341,161
signer6_sample342,199
signer6_sample343,124
signer6_sample344,31
signer6_sample345,161
signer6_sample346,179
signer6_sample347,139
signer6_sample348,48
signer6_sample349,59
signer6_sample350,224
signer6_sample351,134
signer6_sample352,134
signer6_sample353,215
signer6_sample354,29
signer6_sample355,28
signer6_sample356,199
signer6_sample357,61
signer6_sample358,50
signer6_sample359,26
signer6_sample360,156
signer6_sample361,81
signer6_sample362,0
signer6_sample363,224
signer6_sample364,132
signer6_sample365,199
signer6_sample366,78
signer6_sample367,37
signer6_sample368,158
signer6_sample369,37
signer6_sample370,78
signer6_sample371,102
signer6_sample372,204
signer6_sample373,92
signer6_sample374,48
signer6_sample375,215
signer6_sample376,97
signer6_sample377,37
signer6_sample378,37
signer6_sample379,26
signer6_sample380,176
signer6_sample381,61
signer6_sample382,78
signer6_sample383,78
signer6_sample384,145
signer6_sample385,63
signer6_sample386,179
signer6_sample387,164
signer6_sample388,145
signer6_sample389,210
signer6_sample390,56
signer6_sample391,179
signer6_sample392,218
signer6_sample393,6
signer6_sample394,78
signer6_sample395,78
signer6_sample396,224
signer6_sample397,224
signer6_sample398,139
signer6_sample399,199
signer6_sample400,37
signer6_sample401,78
signer6_sample402,103
signer6_sample403,31
signer6_sample404,41
signer6_sample405,90
signer6_sample406,218
signer6_sample407,78
signer6_sample408,59
signer6_sample409,174
signer6_sample410,224
signer6_sample411,97
signer6_sample412,224
signer6_sample413,37
signer6_sample414,90
signer6_sample415,37
signer6_sample416,145
signer6_sample417,112
signer6_sample418,37
signer6_sample419,101
signer6_sample420,61
signer6_sample421,78
signer6_sample422,205
signer6_sample423,11
signer6_sample424,145
signer6_sample425,62
signer6_sample426,145
signer6_sample427,199
signer6_sample428,145
signer6_sample429,145
signer6_sample430,11
signer6_sample431,78
signer6_sample432,183
signer6_sample433,167
signer6_sample434,145
signer6_sample435,28
signer6_sample436,224
signer6_sample437,199
signer6_sample438,92
signer6_sample439,26
signer6_sample440,156
signer6_sample441,156
signer6_sample442,224
signer6_sample443,218
signer6_sample444,95
signer6_sample445,48
signer6_sample446,78
signer6_sample447,134
signer6_sample448,134
signer6_sample449,118
signer6_sample450,95
signer6_sample451,61
signer6_sample452,156
signer6_sample453,97
signer6_sample454,224
signer6_sample455,29
signer6_sample456,179
signer6_sample457,29
signer6_sample458,132
signer6_sample459,37
signer6_sample460,179
signer6_sample461,61
signer6_sample462,184
signer6_sample463,145
signer6_sample464,224
signer6_sample465,156
signer6_sample466,50
signer6_sample467,190
signer6_sample468,47
signer6_sample469,65
signer6_sample470,70
signer6_sample471,184
signer6_sample472,162
signer6_sample473,145
signer6_sample474,95
signer6_sample475,162
signer6_sample476,0
signer6_sample477,179
signer6_sample478,179
signer6_sample479,37
signer6_sample480,94
signer6_sample481,171
signer6_sample482,145
signer6_sample483,69
signer6_sample484,118
signer6_sample485,132
signer6_sample486,29
signer6_sample487,139
signer6_sample488,69
signer6_sample489,139
signer6_sample490,37
signer6_sample491,59
signer6_sample492,48
signer6_sample493,61
signer6_sample494,132
signer6_sample495,139
signer6_sample496,126
signer6_sample497,31
signer6_sample498,134
signer6_sample499,97
signer6_sample500,41
signer6_sample501,69
signer6_sample502,163
signer6_sample503,179
signer6_sample504,162
signer6_sample505,59
signer6_sample506,167
signer6_sample507,179
signer6_sample508,176
signer6_sample509,37
signer6_sample510,224
signer6_sample511,92
signer6_sample512,120
signer6_sample513,61
signer6_sample514,78
signer6_sample515,61
signer6_sample516,113
signer6_sample517,37
signer6_sample518,155
signer6_sample519,215
signer6_sample520,97
signer6_sample521,177
signer6_sample522,156
signer6_sample523,113
signer6_sample524,41
signer6_sample525,224
signer6_sample526,61
signer6_sample527,37
signer6_sample528,61
signer6_sample529,132
signer6_sample530,174
signer6_sample531,48
signer6_sample532,31
signer6_sample533,145
signer6_sample534,41
signer6_sample535,61
signer6_sample536,61
signer6_sample537,50
signer6_sample538,174
signer6_sample539,97
signer6_sample540,78
signer6_sample541,132
signer6_sample542,179
signer6_sample543,134
signer6_sample544,123
signer6_sample545,199
signer6_sample546,132
signer6_sample547,82
signer6_sample548,188
signer6_sample549,61
signer6_sample550,61
signer6_sample551,59
signer6_sample552,37
signer6_sample553,179
signer6_sample554,200
signer6_sample555,56
signer6_sample556,224
signer6_sample557,218
signer6_sample558,97
signer6_sample559,224
signer6_sample560,134
signer6_sample561,101
signer6_sample562,84
signer6_sample563,59
signer6_sample564,188
signer6_sample565,78
signer6_sample566,145
signer6_sample567,179
signer6_sample568,179
signer6_sample569,69
signer6_sample570,78
signer6_sample571,61
signer6_sample572,102
signer6_sample573,162
signer6_sample574,7
signer6_sample575,11
signer6_sample576,48
signer6_sample577,132
signer6_sample578,61
signer6_sample579,78
signer6_sample580,95
signer6_sample581,139
signer6_sample582,145
signer6_sample583,61
signer6_sample584,145
signer6_sample585,61
signer6_sample586,37
signer6_sample587,50
signer6_sample588,224
signer6_sample589,37
signer6_sample590,156
signer6_sample591,11
signer6_sample592,92
signer6_sample593,139
signer6_sample594,37
signer6_sample595,163
signer6_sample596,37
signer6_sample597,177
signer6_sample598,169
signer6_sample599,88
signer6_sample600,48
signer6_sample601,33
signer6_sample602,70
signer6_sample603,162
signer6_sample604,31
signer6_sample605,199
signer6_sample606,37
signer6_sample607,224
signer6_sample608,163
signer6_sample609,132
signer6_sample610,61
signer6_sample611,11
signer6_sample612,56
signer6_sample613,177
signer6_sample614,224
signer6_sample615,145
signer6_sample616,43
signer6_sample617,145
signer6_sample618,118
signer6_sample619,59
signer6_sample620,139
signer6_sample621,177
signer6_sample622,37
signer6_sample623,29
signer6_sample624,48
signer6_sample625,190
signer6_sample626,61
signer6_sample627,219
signer6_sample628,190
signer6_sample629,59
signer6_sample630,41
signer6_sample631,145
signer6_sample632,0
signer6_sample633,145
signer6_sample634,48
signer6_sample635,126
signer6_sample636,106
signer6_sample637,145
signer6_sample638,37
signer6_sample639,224
signer6_sample640,61
signer6_sample641,26
signer6_sample642,134
signer6_sample643,134
signer6_sample644,118
signer6_sample645,177
signer6_sample646,215
signer6_sample647,78
signer6_sample648,97
signer6_sample649,78
signer6_sample650,169
signer6_sample651,31
signer6_sample652,95
signer6_sample653,78
signer6_sample654,134
signer6_sample655,61
signer6_sample656,61
signer6_sample657,81
signer6_sample658,162
signer6_sample659,139
signer6_sample660,179
signer6_sample661,188
signer6_sample662,158
signer6_sample663,224
signer6_sample664,48
signer6_sample665,92
signer6_sample666,164
signer6_sample667,61
signer6_sample668,0
signer6_sample669,156
signer6_sample670,134
signer6_sample671,224
signer6_sample672,54
signer6_sample673,176
signer6_sample674,167
signer6_sample675,199
signer6_sample676,139
signer6_sample677,132
signer6_sample678,210
signer39_sample1,224
signer39_sample2,59
signer39_sample3,11
signer39_sample4,179
signer39_sample5,33
signer39_sample6,92
signer39_sample7,61
signer39_sample8,26
signer39_sample9,126
signer39_sample10,95
signer39_sample11,124
signer39_sample12,162
signer39_sample13,224
signer39_sample14,179
signer39_sample15,145
signer39_sample16,200
signer39_sample17,145
signer39_sample18,33
signer39_sample19,224
signer39_sample20,101
signer39_sample21,134
signer39_sample22,145
signer39_sample23,37
signer39_sample24,195
signer39_sample25,37
signer39_sample26,61
signer39_sample27,164
signer39_sample28,37
signer39_sample29,7
signer39_sample30,132
signer39_sample31,188
signer39_sample32,163
signer39_sample33,100
signer39_sample34,81
signer39_sample35,179
signer39_sample36,167
signer39_sample37,199
signer39_sample38,139
signer39_sample39,97
signer39_sample40,145
signer39_sample41,224
signer39_sample42,224
signer39_sample43,97
signer39_sample44,162
signer39_sample45,45
signer39_sample46,59
signer39_sample47,90
signer39_sample48,69
signer39_sample49,145
signer39_sample50,120
signer39_sample51,126
signer39_sample52,164
signer39_sample53,69
signer39_sample54,195
signer39_sample55,145
signer39_sample56,193
signer39_sample57,69
signer39_sample58,78
signer39_sample59,205
signer39_sample60,43
signer39_sample61,218
signer39_sample62,205
signer39_sample63,176
signer39_sample64,94
signer39_sample65,92
signer39_sample66,66
signer39_sample67,199
signer39_sample68,204
signer39_sample69,145
signer39_sample70,199
signer39_sample71,31
signer39_sample72,0
signer39_sample73,45
signer39_sample74,31
signer39_sample75,134
signer39_sample76,82
signer39_sample77,72
signer39_sample78,169
signer39_sample79,123
signer39_sample80,72
signer39_sample81,218
signer39_sample82,102
signer39_sample83,126
signer39_sample84,120
signer39_sample85,179
signer39_sample86,154
signer39_sample87,28
signer39_sample88,179
signer39_sample89,97
signer39_sample90,179
signer39_sample91,37
signer39_sample92,218
signer39_sample93,139
signer39_sample94,22
signer39_sample95,101
signer39_sample96,199
signer39_sample97,66
signer39_sample98,204
signer39_sample99,69
signer39_sample100,124
signer39_sample101,61
signer39_sample102,145
signer39_sample103,94
signer39_sample104,188
signer39_sample105,179
signer39_sample106,156
signer39_sample107,199
signer39_sample108,75
signer39_sample109,176
signer39_sample110,45
signer39_sample111,224
signer39_sample112,145
signer39_sample113,162
signer39_sample114,161
signer39_sample115,26
signer39_sample116,164
signer39_sample117,179
signer39_sample118,139
signer39_sample119,139
signer39_sample120,31
signer39_sample121,33
signer39_sample122,33
signer39_sample123,29
signer39_sample124,78
signer39_sample125,224
signer39_sample126,176
signer39_sample127,199
signer39_sample128,199
signer39_sample129,26
signer39_sample130,69
signer39_sample131,224
signer39_sample132,224
signer39_sample133,101
signer39_sample134,118
signer39_sample135,124
signer39_sample136,224
signer39_sample137,188
signer39_sample138,1
signer39_sample139,101
signer39_sample140,145
signer39_sample141,179
signer39_sample142,145
signer39_sample143,205
signer39_sample144,145
signer39_sample145,224
signer39_sample146,145
signer39_sample147,162
signer39_sample148,177
signer39_sample149,69
signer39_sample150,188
signer39_sample151,37
signer39_sample152,50
signer39_sample153,134
signer39_sample154,224
signer39_sample155,33
signer39_sample156,61
signer39_sample157,145
signer39_sample158,37
signer39_sample159,195
signer39_sample160,132
signer39_sample161,37
signer39_sample162,188
signer39_sample163,61
signer39_sample164,169
signer39_sample165,224
signer39_sample166,80
signer39_sample167,37
signer39_sample168,78
signer39_sample169,205
signer39_sample170,224
signer39_sample171,126
signer39_sample172,131
signer39_sample173,171
signer39_sample174,171
signer39_sample175,61
signer39_sample176,218
signer39_sample177,33
signer39_sample178,11
signer39_sample179,61
signer39_sample180,118
signer39_sample181,224
signer39_sample182,62
signer39_sample183,61
signer39_sample184,61
signer39_sample185,149
signer39_sample186,81
signer39_sample187,188
signer39_sample188,37
signer39_sample189,134
signer39_sample190,0
signer39_sample191,48
signer39_sample192,215
signer39_sample193,145
signer39_sample194,145
signer39_sample195,82
signer39_sample196,145
signer39_sample197,215
signer39_sample198,145
signer39_sample199,174
signer39_sample200,61
signer39_sample201,174
signer39_sample202,82
signer39_sample203,145
signer39_sample204,195
signer39_sample205,218
signer39_sample206,69
signer39_sample207,22
signer39_sample208,169
signer39_sample209,139
signer39_sample210,69
signer39_sample211,126
signer39_sample212,218
signer39_sample213,78
signer39_sample214,199
signer39_sample215,124
signer39_sample216,45
signer39_sample217,176
signer39_sample218,11
signer39_sample219,61
signer39_sample220,162
signer39_sample221,61
signer39_sample222,118
signer39_sample223,205
signer39_sample224,31
signer39_sample225,45
signer39_sample226,145
signer39_sample227,224
signer39_sample228,61
signer39_sample229,69
signer39_sample230,31
signer39_sample231,61
signer39_sample232,179
signer39_sample233,31
signer39_sample234,224
signer39_sample235,43
signer39_sample236,78
signer39_sample237,66
signer39_sample238,37
signer39_sample239,61
signer39_sample240,210
signer39_sample241,72
signer39_sample242,126
signer39_sample243,132
signer39_sample244,139
signer39_sample245,33
signer39_sample246,224
signer39_sample247,37
signer39_sample248,0
signer39_sample249,78
signer39_sample250,41
signer39_sample251,126
signer39_sample252,224
signer39_sample253,25
signer39_sample254,224
signer39_sample255,145
signer39_sample256,62
signer39_sample257,190
signer39_sample258,199
signer39_sample259,61
signer39_sample260,219
signer39_sample261,59
signer39_sample262,103
signer39_sample263,62
signer39_sample264,50
signer39_sample265,188
signer39_sample266,126
signer39_sample267,218
signer39_sample268,61
signer39_sample269,37
signer39_sample270,33
signer39_sample271,164
signer39_sample272,37
signer39_sample273,201
signer39_sample274,131
signer39_sample275,1
signer39_sample276,59
signer39_sample277,145
signer39_sample278,61
signer39_sample279,224
signer39_sample280,162
signer39_sample281,78
signer39_sample282,224
signer39_sample283,188
signer39_sample284,33
signer39_sample285,224
signer39_sample286,33
signer39_sample287,195
signer39_sample288,101
signer39_sample289,210
signer39_sample290,163
signer39_sample291,176
signer39_sample292,205
signer39_sample293,182
signer39_sample294,139
signer39_sample295,163
signer39_sample296,97
signer39_sample297,145
signer39_sample298,179
signer39_sample299,218
signer39_sample300,162
signer39_sample301,118
signer39_sample302,37
signer39_sample303,179
signer39_sample304,145
signer39_sample305,145
signer39_sample306,120
signer39_sample307,154
signer39_sample308,126
signer39_sample309,43
signer39_sample310,205
signer39_sample311,179
signer39_sample312,31
signer39_sample313,78
signer39_sample314,132
signer39_sample315,145
signer39_sample316,82
signer39_sample317,224
signer39_sample318,31
signer39_sample319,54
signer39_sample320,145
signer39_sample321,126
signer39_sample322,199
signer39_sample323,219
signer39_sample324,94
signer39_sample325,0
signer39_sample326,97
signer39_sample327,179
signer39_sample328,205
signer39_sample329,28
signer39_sample330,69
signer39_sample331,224
signer39_sample332,61
signer39_sample333,218
signer39_sample334,61
signer39_sample335,162
signer39_sample336,50
signer39_sample337,94
signer39_sample338,215
signer39_sample339,179
signer39_sample340,37
signer39_sample341,190
signer39_sample342,224
signer39_sample343,218
signer39_sample344,179
signer39_sample345,204
signer39_sample346,145
signer39_sample347,78
signer39_sample348,37
signer39_sample349,161
signer39_sample350,37
signer39_sample351,102
signer39_sample352,205
signer39_sample353,161
signer39_sample354,205
signer39_sample355,190
signer39_sample356,158
signer39_sample357,31
signer39_sample358,37
signer39_sample359,124
signer39_sample360,37
signer39_sample361,145
signer39_sample362,219
signer39_sample363,69
signer39_sample364,72
signer39_sample365,224
signer39_sample366,7
signer39_sample367,45
signer39_sample368,37
signer39_sample369,224
signer39_sample370,126
signer39_sample371,78
signer39_sample372,188
signer39_sample373,61
signer39_sample374,145
signer39_sample375,37
signer39_sample376,188
signer39_sample377,224
signer39_sample378,37
signer39_sample379,48
signer39_sample380,69
signer39_sample381,41
signer39_sample382,45
signer39_sample383,28
signer39_sample384,37
signer39_sample385,45
signer39_sample386,174
signer39_sample387,82
signer39_sample388,31
signer39_sample389,179
signer39_sample390,224
signer39_sample391,33
signer39_sample392,145
signer39_sample393,204
signer39_sample394,218
signer39_sample395,224
signer39_sample396,61
signer39_sample397,126
signer39_sample398,182
signer39_sample399,37
signer39_sample400,145
signer39_sample401,158
signer39_sample402,214
signer39_sample403,33
signer39_sample404,66
signer39_sample405,188
signer39_sample406,48
signer39_sample407,205
signer39_sample408,224
signer39_sample409,69
signer39_sample410,37
signer39_sample411,37
signer39_sample412,132
signer39_sample413,224
signer39_sample414,61
signer39_sample415,132
signer39_sample416,126
signer39_sample417,179
signer39_sample418,132
signer39_sample419,97
signer39_sample420,90
signer39_sample421,114
signer39_sample422,224
signer39_sample423,176
signer39_sample424,37
signer39_sample425,22
signer39_sample426,179
signer39_sample427,78
signer39_sample428,163
signer39_sample429,139
signer39_sample430,30
signer39_sample431,145
signer39_sample432,132
signer39_sample433,179
signer39_sample434,33
signer39_sample435,182
signer39_sample436,113
signer39_sample437,66
signer39_sample438,155
signer39_sample439,162
signer39_sample440,120
signer39_sample441,33
signer39_sample442,81
signer39_sample443,179
signer39_sample444,205
signer39_sample445,224
signer39_sample446,28
signer39_sample447,179
signer39_sample448,224
signer39_sample449,199
signer39_sample450,215
signer39_sample451,164
signer39_sample452,62
signer39_sample453,219
signer39_sample454,101
signer39_sample455,29
signer39_sample456,219
signer39_sample457,97
signer39_sample458,224
signer39_sample459,37
signer39_sample460,179
signer39_sample461,124
signer39_sample462,45
signer39_sample463,78
signer39_sample464,145
signer39_sample465,116
signer39_sample466,88
signer39_sample467,224
signer39_sample468,126
signer39_sample469,37
signer39_sample470,69
signer39_sample471,218
signer39_sample472,69
signer39_sample473,145
signer39_sample474,201
signer39_sample475,1
signer39_sample476,224
signer39_sample477,179
signer39_sample478,126
signer39_sample479,120
signer39_sample480,182
signer39_sample481,62
signer39_sample482,69
signer39_sample483,66
signer39_sample484,26
signer39_sample485,224
signer39_sample486,33
signer39_sample487,171
signer39_sample488,126
signer39_sample489,118
signer39_sample490,163
signer39_sample491,94
signer39_sample492,132
signer39_sample493,132
signer39_sample494,158
signer39_sample495,75
signer39_sample496,69
signer39_sample497,171
signer39_sample498,195
signer39_sample499,31
signer39_sample500,179
signer39_sample501,95
signer39_sample502,145
signer39_sample503,50
signer39_sample504,41
signer39_sample505,1
signer39_sample506,95
signer39_sample507,80
signer39_sample508,179
signer39_sample509,145
signer39_sample510,126
signer39_sample511,126
signer39_sample512,179
signer39_sample513,51
signer39_sample514,132
signer39_sample515,69
signer39_sample516,182
signer39_sample517,66
signer39_sample518,145
signer39_sample519,31
signer39_sample520,28
signer39_sample521,126
signer39_sample522,50
signer39_sample523,37
signer39_sample524,145
signer39_sample525,134
signer39_sample526,149
signer39_sample527,37
signer39_sample528,178
signer39_sample529,224
signer39_sample530,224
signer39_sample531,11
signer39_sample532,132
signer39_sample533,224
signer39_sample534,224
signer39_sample535,132
signer39_sample536,182
signer39_sample537,41
signer39_sample538,145
signer39_sample539,31
signer39_sample540,224
signer39_sample541,224
signer39_sample542,30
signer39_sample543,31
signer39_sample544,132
signer39_sample545,69
signer39_sample546,224
signer39_sample547,131
signer39_sample548,214
signer39_sample549,62
signer39_sample550,31
signer39_sample551,41
signer39_sample552,132
signer39_sample553,162
signer39_sample554,62
signer39_sample555,101
signer39_sample556,37
signer39_sample557,201
signer39_sample558,78
signer39_sample559,100
signer39_sample560,195
signer39_sample561,0
signer39_sample562,145
signer39_sample563,126
signer39_sample564,149
signer39_sample565,205
signer39_sample566,139
signer39_sample567,217
signer39_sample568,101
signer39_sample569,210
signer39_sample570,224
signer39_sample571,126
signer39_sample572,219
signer39_sample573,145
signer39_sample574,132
signer39_sample575,204
signer39_sample576,139
signer39_sample577,102
signer39_sample578,126
signer39_sample579,82
signer39_sample580,201
signer39_sample581,205
signer39_sample582,31
signer39_sample583,188
signer39_sample584,1
signer39_sample585,37
signer39_sample586,102
signer39_sample587,162
signer39_sample588,78
signer39_sample589,224
signer39_sample590,205
signer39_sample591,95
signer39_sample592,62
signer39_sample593,37
signer39_sample594,69
signer39_sample595,139
signer39_sample596,195
signer39_sample597,72
signer39_sample598,132
signer39_sample599,90
signer39_sample600,48
signer39_sample601,204
signer39_sample602,212
signer39_sample603,199
signer39_sample604,145
signer39_sample605,132
signer39_sample606,126
signer39_sample607,195
signer39_sample608,37
signer39_sample609,103
signer39_sample610,145
signer39_sample611,97
signer39_sample612,224
signer39_sample613,29
signer39_sample614,126
signer39_sample615,171
signer39_sample616,217
signer39_sample617,134
signer39_sample618,145
signer39_sample619,215
signer39_sample620,0
signer39_sample621,188
signer39_sample622,62
signer39_sample623,120
signer39_sample624,134
signer39_sample625,199
signer39_sample626,7
signer39_sample627,217
signer39_sample628,182
signer39_sample629,163
signer39_sample630,31
signer39_sample631,145
signer39_sample632,177
signer39_sample633,37
signer39_sample634,224
signer39_sample635,169
signer39_sample636,94
signer39_sample637,31
signer39_sample638,215
signer39_sample639,145
signer39_sample640,118
signer39_sample641,118
signer39_sample642,48
signer39_sample643,179
signer39_sample644,61
signer39_sample645,171
signer39_sample646,132
signer39_sample647,162
signer39_sample648,37
signer39_sample649,48
signer39_sample650,224
signer39_sample651,22
signer39_sample652,48
signer39_sample653,214
signer39_sample654,145
signer39_sample655,103
signer39_sample656,61
signer39_sample657,145
signer39_sample658,134
signer39_sample659,224
signer39_sample660,132
signer39_sample661,37
signer39_sample662,43
signer39_sample663,218
signer39_sample664,48
signer39_sample665,72
signer14_sample1,134
signer14_sample2,179
signer14_sample3,7
signer14_sample4,215
signer14_sample5,94
signer14_sample6,188
signer14_sample7,145
signer14_sample8,179
signer14_sample9,92
signer14_sample10,167
signer14_sample11,37
signer14_sample12,20
signer14_sample13,11
signer14_sample14,126
signer14_sample15,145
signer14_sample16,179
signer14_sample17,78
signer14_sample18,126
signer14_sample19,162
signer14_sample20,145
signer14_sample21,81
signer14_sample22,1
signer14_sample23,78
signer14_sample24,25
signer14_sample25,145
signer14_sample26,78
signer14_sample27,37
signer14_sample28,11
signer14_sample29,126
signer14_sample30,158
signer14_sample31,134
signer14_sample32,61
signer14_sample33,182
signer14_sample34,61
signer14_sample35,126
signer14_sample36,215
signer14_sample37,145
signer14_sample38,171
signer14_sample39,78
signer14_sample40,145
signer14_sample41,102
signer14_sample42,139
signer14_sample43,182
signer14_sample44,167
signer14_sample45,188
signer14_sample46,145
signer14_sample47,120
signer14_sample48,217
signer14_sample49,179
signer14_sample50,26
signer14_sample51,218
signer14_sample52,41
signer14_sample53,78
signer14_sample54,167
signer14_sample55,145
signer14_sample56,69
signer14_sample57,78
signer14_sample58,102
signer14_sample59,78
signer14_sample60,179
signer14_sample61,41
signer14_sample62,174
signer14_sample63,78
signer14_sample64,158
signer14_sample65,37
signer14_sample66,31
signer14_sample67,126
signer14_sample68,134
signer14_sample69,26
signer14_sample70,31
signer14_sample71,179
signer14_sample72,224
signer14_sample73,37
signer14_sample74,82
signer14_sample75,61
signer14_sample76,218
signer14_sample77,182
signer14_sample78,145
signer14_sample79,120
signer14_sample80,30
signer14_sample81,188
signer14_sample82,179
signer14_sample83,118
signer14_sample84,62
signer14_sample85,126
signer14_sample86,41
signer14_sample87,148
signer14_sample88,7
signer14_sample89,78
signer14_sample90,61
signer14_sample91,215
signer14_sample92,81
signer14_sample93,41
signer14_sample94,61
signer14_sample95,33
signer14_sample96,179
signer14_sample97,213
signer14_sample98,48
signer14_sample99,123
signer14_sample100,224
signer14_sample101,61
signer14_sample102,145
signer14_sample103,136
signer14_sample104,218
signer14_sample105,126
signer14_sample106,81
signer14_sample107,50
signer14_sample108,118
signer14_sample109,134
signer14_sample110,7
signer14_sample111,92
signer14_sample112,134
signer14_sample113,179
signer14_sample114,78
signer14_sample115,218
signer14_sample116,97
signer14_sample117,167
signer14_sample118,17
signer14_sample119,45
signer14_sample120,224
signer14_sample121,78
signer14_sample122,145
signer14_sample123,134
signer14_sample124,161
signer14_sample125,147
signer14_sample126,218
signer14_sample127,167
signer14_sample128,145
signer14_sample129,126
signer14_sample130,184
signer14_sample131,37
signer14_sample132,50
signer14_sample133,26
signer14_sample134,61
signer14_sample135,201
signer14_sample136,179
signer14_sample137,69
signer14_sample138,145
signer14_sample139,179
signer14_sample140,111
signer14_sample141,218
signer14_sample142,7
signer14_sample143,145
signer14_sample144,179
signer14_sample145,43
signer14_sample146,145
signer14_sample147,145
signer14_sample148,61
signer14_sample149,61
signer14_sample150,184
signer14_sample151,81
signer14_sample152,37
signer14_sample153,92
signer14_sample154,61
signer14_sample155,179
signer14_sample156,145
signer14_sample157,132
signer14_sample158,40
signer14_sample159,179
signer14_sample160,139
signer14_sample161,179
signer14_sample162,37
signer14_sample163,164
signer14_sample164,48
signer14_sample165,218
signer14_sample166,113
signer14_sample167,224
signer14_sample168,126
signer14_sample169,179
signer14_sample170,78
signer14_sample171,75
signer14_sample172,179
signer14_sample173,215
signer14_sample174,78
signer14_sample175,134
signer14_sample176,201
signer14_sample177,158
signer14_sample178,61
signer14_sample179,50
signer14_sample180,31
signer14_sample181,195
signer14_sample182,145
signer14_sample183,37
signer14_sample184,179
signer14_sample185,132
signer14_sample186,123
signer14_sample187,128
signer14_sample188,97
signer14_sample189,179
signer14_sample190,158
signer14_sample191,101
signer14_sample192,37
signer14_sample193,78
signer14_sample194,218
signer14_sample195,145
signer14_sample196,145
signer14_sample197,96
signer14_sample198,224
signer14_sample199,78
signer14_sample200,7
signer14_sample201,145
signer14_sample202,167
signer14_sample203,145
signer14_sample204,145
signer14_sample205,78
signer14_sample206,166
signer14_sample207,78
signer14_sample208,164
signer14_sample209,188
signer14_sample210,113
signer14_sample211,179
signer14_sample212,224
signer14_sample213,31
signer14_sample214,164
signer14_sample215,145
signer14_sample216,78
signer14_sample217,134
signer14_sample218,215
signer14_sample219,139
signer14_sample220,101
signer14_sample221,217
signer14_sample222,163
signer14_sample223,218
signer14_sample224,119
signer14_sample225,134
signer14_sample226,134
signer14_sample227,134
signer14_sample228,126
signer14_sample229,43
signer14_sample230,182
signer14_sample231,126
signer14_sample232,90
signer14_sample233,111
signer14_sample234,61
signer14_sample235,61
signer14_sample236,37
signer14_sample237,179
signer14_sample238,50
signer14_sample239,118
signer14_sample240,96
signer14_sample241,126
signer14_sample242,215
signer14_sample243,164
signer14_sample244,218
signer14_sample245,48
signer14_sample246,134
signer14_sample247,145
signer14_sample248,188
signer14_sample249,148
signer14_sample250,28
signer14_sample251,37
signer14_sample252,61
signer14_sample253,31
signer14_sample254,145
signer14_sample255,61
signer14_sample256,179
signer14_sample257,156
signer14_sample258,126
signer14_sample259,48
signer14_sample260,30
signer14_sample261,134
signer14_sample262,179
signer14_sample263,88
signer14_sample264,199
signer14_sample265,141
signer14_sample266,215
signer14_sample267,126
signer14_sample268,97
signer14_sample269,48
signer14_sample270,167
signer14_sample271,134
signer14_sample272,61
signer14_sample273,164
signer14_sample274,61
signer14_sample275,188
signer14_sample276,118
signer14_sample277,134
signer14_sample278,158
signer14_sample279,96
signer14_sample280,32
signer14_sample281,11
signer14_sample282,37
signer14_sample283,134
signer14_sample284,182
signer14_sample285,179
signer14_sample286,97
signer14_sample287,224
signer14_sample288,0
signer14_sample289,182
signer14_sample290,37
signer14_sample291,148
signer14_sample292,148
signer14_sample293,61
signer14_sample294,224
signer14_sample295,94
signer14_sample296,215
signer14_sample297,37
signer14_sample298,17
signer14_sample299,37
signer14_sample300,134
signer14_sample301,78
signer14_sample302,7
signer14_sample303,29
signer14_sample304,69
signer14_sample305,195
signer14_sample306,78
signer14_sample307,78
signer14_sample308,37
signer14_sample309,215
signer14_sample310,134
signer14_sample311,25
signer14_sample312,188
signer14_sample313,32
signer14_sample314,212
signer14_sample315,161
signer14_sample316,37
signer14_sample317,78
signer14_sample318,92
signer14_sample319,139
signer14_sample320,31
signer14_sample321,215
signer14_sample322,61
signer14_sample323,0
signer14_sample324,61
signer14_sample325,139
signer14_sample326,218
signer14_sample327,31
signer14_sample328,204
signer14_sample329,92
signer14_sample330,182
signer14_sample331,41
signer14_sample332,7
signer14_sample333,78
signer14_sample334,171
signer14_sample335,31
signer14_sample336,43
signer14_sample337,139
signer14_sample338,96
signer14_sample339,205
signer14_sample340,134
signer14_sample341,215
signer14_sample342,145
signer14_sample343,171
signer14_sample344,218
signer14_sample345,78
signer14_sample346,126
signer14_sample347,215
signer14_sample348,145
signer14_sample349,204
signer14_sample350,61
signer14_sample351,145
signer14_sample352,145
signer14_sample353,215
signer14_sample354,50
signer14_sample355,163
signer14_sample356,88
signer14_sample357,134
signer14_sample358,75
signer14_sample359,37
signer14_sample360,161
signer14_sample361,20
signer14_sample362,146
signer14_sample363,43
signer14_sample364,162
signer14_sample365,134
signer14_sample366,28
signer14_sample367,61
signer14_sample368,215
signer14_sample369,162
signer14_sample370,218
signer14_sample371,145
signer14_sample372,97
signer14_sample373,215
signer14_sample374,28
signer14_sample375,139
signer14_sample376,61
signer14_sample377,134
signer14_sample378,215
signer14_sample379,132
signer14_sample380,145
signer14_sample381,134
signer14_sample382,171
signer14_sample383,94
signer14_sample384,78
signer14_sample385,40
signer14_sample386,81
signer14_sample387,134
signer14_sample388,37
signer14_sample389,31
signer14_sample390,126
signer14_sample391,7
signer14_sample392,182
signer14_sample393,224
signer14_sample394,145
signer14_sample395,92
signer14_sample396,28
signer14_sample397,215
signer14_sample398,188
signer14_sample399,31
signer14_sample400,179
signer14_sample401,179
signer14_sample402,134
signer14_sample403,184
signer14_sample404,31
signer14_sample405,81
signer14_sample406,205
signer14_sample407,123
signer14_sample408,96
signer14_sample409,132
signer14_sample410,134
signer14_sample411,33
signer14_sample412,25
signer14_sample413,134
signer14_sample414,50
signer14_sample415,167
signer14_sample416,95
signer14_sample417,164
signer14_sample418,224
signer14_sample419,164
signer14_sample420,145
signer14_sample421,224
signer14_sample422,61
signer14_sample423,78
signer14_sample424,215
signer14_sample425,177
signer14_sample426,101
signer14_sample427,134
signer14_sample428,126
signer14_sample429,215
signer14_sample430,119
signer14_sample431,158
signer14_sample432,188
signer14_sample433,31
signer14_sample434,167
signer14_sample435,31
signer14_sample436,139
signer14_sample437,179
signer14_sample438,167
signer14_sample439,133
signer14_sample440,179
signer14_sample441,134
signer27_sample1,78
signer27_sample2,126
signer27_sample3,162
signer27_sample4,212
signer27_sample5,78
signer27_sample6,215
signer27_sample7,132
signer27_sample8,205
signer27_sample9,134
signer27_sample10,224
signer27_sample11,59
signer27_sample12,199
signer27_sample13,195
signer27_sample14,69
signer27_sample15,50
signer27_sample16,118
signer27_sample17,78
signer27_sample18,205
signer27_sample19,29
signer27_sample20,132
signer27_sample21,66
signer27_sample22,69
signer27_sample23,177
signer27_sample24,53
signer27_sample25,26
signer27_sample26,124
signer27_sample27,145
signer27_sample28,204
signer27_sample29,124
signer27_sample30,132
signer27_sample31,134
signer27_sample32,161
signer27_sample33,131
signer27_sample34,224
signer27_sample35,78
signer27_sample36,224
signer27_sample37,33
signer27_sample38,31
signer27_sample39,205
signer27_sample40,69
signer27_sample41,144
signer27_sample42,212
signer27_sample43,210
signer27_sample44,132
signer27_sample45,37
signer27_sample46,174
signer27_sample47,126
signer27_sample48,61
signer27_sample49,199
signer27_sample50,171
signer27_sample51,174
signer27_sample52,218
signer27_sample53,72
signer27_sample54,95
signer27_sample55,224
signer27_sample56,45
signer27_sample57,199
signer27_sample58,134
signer27_sample59,195
signer27_sample60,37
signer27_sample61,134
signer27_sample62,101
signer27_sample63,218
signer27_sample64,224
signer27_sample65,224
signer27_sample66,167
signer27_sample67,169
signer27_sample68,31
signer27_sample69,81
signer27_sample70,61
signer27_sample71,162
signer27_sample72,114
signer27_sample73,59
signer27_sample74,145
signer27_sample75,72
signer27_sample76,50
signer27_sample77,205
signer27_sample78,124
signer27_sample79,78
signer27_sample80,41
signer27_sample81,37
signer27_sample82,199
signer27_sample83,215
signer27_sample84,59
signer27_sample85,97
signer27_sample86,66
signer27_sample87,45
signer27_sample88,46
signer27_sample89,132
signer27_sample90,215
signer27_sample91,48
signer27_sample92,134
signer27_sample93,69
signer27_sample94,145
signer27_sample95,134
signer27_sample96,205
signer27_sample97,69
signer27_sample98,0
signer27_sample99,37
signer27_sample100,174
signer27_sample101,224
signer27_sample102,134
signer27_sample103,199
signer27_sample104,78
signer27_sample105,41
signer27_sample106,31
signer27_sample107,215
signer27_sample108,134
signer27_sample109,156
signer27_sample110,37
signer27_sample111,132
signer27_sample112,215
signer27_sample113,161
signer27_sample114,59
signer27_sample115,41
signer27_sample116,199
signer27_sample117,61
signer27_sample118,59
signer27_sample119,224
signer27_sample120,163
signer27_sample121,101
signer27_sample122,195
signer27_sample123,195
signer27_sample124,145
signer27_sample125,59
signer27_sample126,199
signer27_sample127,37
signer27_sample128,0
signer27_sample129,61
signer27_sample130,224
signer27_sample131,0
signer27_sample132,134
signer27_sample133,78
signer27_sample134,41
signer27_sample135,31
signer27_sample136,167
signer27_sample137,69
signer27_sample138,139
signer27_sample139,37
signer27_sample140,215
signer27_sample141,112
signer27_sample142,37
signer27_sample143,205
signer27_sample144,37
signer27_sample145,224
signer27_sample146,0
signer27_sample147,188
signer27_sample148,31
signer27_sample149,145
signer27_sample150,78
signer27_sample151,78
signer27_sample152,103
signer27_sample153,69
signer27_sample154,134
signer27_sample155,7
signer27_sample156,210
signer27_sample157,218
signer27_sample158,61
signer27_sample159,124
signer27_sample160,61
signer27_sample161,47
signer27_sample162,43
signer27_sample163,139
signer27_sample164,61
signer27_sample165,28
signer27_sample166,224
signer27_sample167,97
signer27_sample168,134
signer27_sample169,81
signer27_sample170,37
signer27_sample171,61
signer27_sample172,145
signer27_sample173,62
signer27_sample174,126
signer27_sample175,210
signer27_sample176,139
signer27_sample177,179
signer27_sample178,101
signer27_sample179,124
signer27_sample180,37
signer27_sample181,101
signer27_sample182,37
signer27_sample183,199
signer27_sample184,7
signer27_sample185,33
signer27_sample186,210
signer27_sample187,218
signer27_sample188,179
signer27_sample189,183
signer27_sample190,31
signer27_sample191,145
signer27_sample192,167
signer27_sample193,61
signer27_sample194,224
signer27_sample195,215
signer27_sample196,205
signer27_sample197,130
signer27_sample198,25
signer27_sample199,205
signer27_sample200,132
signer27_sample201,174
signer27_sample202,88
signer27_sample203,139
signer27_sample204,0
signer27_sample205,224
signer27_sample206,201
signer27_sample207,179
signer27_sample208,224
signer27_sample209,66
signer27_sample210,78
signer27_sample211,78
signer27_sample212,215
signer27_sample213,79
signer27_sample214,78
signer27_sample215,61
signer27_sample216,205
signer27_sample217,81
signer27_sample218,177
signer27_sample219,119
signer27_sample220,134
signer27_sample221,101
signer27_sample222,132
signer27_sample223,162
signer27_sample224,37
signer27_sample225,0
signer27_sample226,139
signer27_sample227,124
signer27_sample228,195
signer27_sample229,124
signer27_sample230,61
signer27_sample231,179
signer27_sample232,170
signer27_sample233,78
signer27_sample234,61
signer27_sample235,199
signer27_sample236,78
signer27_sample237,184
signer27_sample238,61
signer27_sample239,48
signer27_sample240,43
signer27_sample241,61
signer27_sample242,62
signer27_sample243,61
signer27_sample244,61
signer27_sample245,174
signer27_sample246,30
signer27_sample247,61
signer27_sample248,78
signer27_sample249,161
signer27_sample250,0
signer27_sample251,37
signer27_sample252,61
signer27_sample253,101
signer27_sample254,31
signer27_sample255,61
signer27_sample256,139
signer27_sample257,139
signer27_sample258,33
signer27_sample259,78
signer27_sample260,126
signer27_sample261,41
signer27_sample262,41
signer27_sample263,61
signer27_sample264,224
signer27_sample265,112
signer27_sample266,97
signer27_sample267,90
signer27_sample268,205
signer27_sample269,219
signer27_sample270,37
signer27_sample271,224
signer27_sample272,224
signer27_sample273,101
signer27_sample274,102
signer27_sample275,134
signer27_sample276,78
signer27_sample277,33
signer27_sample278,163
signer27_sample279,61
signer27_sample280,174
signer27_sample281,134
signer27_sample282,51
signer27_sample283,205
signer27_sample284,25
signer27_sample285,215
signer27_sample286,179
signer27_sample287,78
signer27_sample288,101
signer27_sample289,37
signer27_sample290,78
signer27_sample291,101
signer27_sample292,179
signer27_sample293,205
signer27_sample294,78
signer27_sample295,97
signer27_sample296,179
signer27_sample297,62
signer27_sample298,31
signer27_sample299,224
signer27_sample300,101
signer27_sample301,158
signer27_sample302,102
signer27_sample303,101
signer27_sample304,118
signer27_sample305,43
signer27_sample306,134
signer27_sample307,31
signer27_sample308,224
signer27_sample309,164
signer27_sample310,167
signer27_sample311,224
signer27_sample312,167
signer27_sample313,215
signer27_sample314,69
signer27_sample315,132
signer27_sample316,41
signer27_sample317,224
signer27_sample318,78
signer27_sample319,167
signer27_sample320,224
signer27_sample321,43
signer27_sample322,199
signer27_sample323,215
signer27_sample324,43
signer27_sample325,78
signer27_sample326,199
signer27_sample327,61
signer27_sample328,145
signer27_sample329,43
signer27_sample330,114
signer27_sample331,101
signer27_sample332,224
signer27_sample333,218
signer27_sample334,61
signer27_sample335,215
signer27_sample336,132
signer27_sample337,215
signer27_sample338,179
signer27_sample339,61
signer27_sample340,218
signer27_sample341,224
signer27_sample342,145
signer27_sample343,218
signer27_sample344,132
signer27_sample345,37
signer27_sample346,163
signer27_sample347,78
signer27_sample348,101
signer27_sample349,139
signer27_sample350,205
signer27_sample351,101
signer27_sample352,61
signer27_sample353,224
signer27_sample354,179
signer27_sample355,78
signer27_sample356,218
signer27_sample357,224
signer27_sample358,167
signer27_sample359,29
signer27_sample360,215
signer27_sample361,37
signer27_sample362,37
signer27_sample363,31
signer27_sample364,205
signer27_sample365,224
signer27_sample366,145
signer27_sample367,139
signer27_sample368,145
signer27_sample369,215
signer27_sample370,120
signer27_sample371,78
signer27_sample372,139
signer27_sample373,70
signer27_sample374,41
signer27_sample375,61
signer27_sample376,179
signer27_sample377,184
signer27_sample378,37
signer27_sample379,134
signer27_sample380,205
signer27_sample381,163
signer27_sample382,43
signer27_sample383,145
signer27_sample384,205
signer27_sample385,78
signer27_sample386,48
signer27_sample387,145
signer27_sample388,61
signer27_sample389,61
signer27_sample390,118
signer27_sample391,126
signer27_sample392,134
signer27_sample393,102
signer27_sample394,167
signer27_sample395,145
signer27_sample396,37
signer27_sample397,78
signer27_sample398,145
signer27_sample399,215
signer27_sample400,78
signer27_sample401,132
signer27_sample402,218
signer27_sample403,81
signer27_sample404,37
signer27_sample405,167
signer27_sample406,218
signer27_sample407,41
signer27_sample408,124
signer27_sample409,169
signer27_sample410,205
signer27_sample411,132
signer27_sample412,50
signer27_sample413,41
signer27_sample414,37
signer27_sample415,31
signer27_sample416,134
signer27_sample417,78
signer27_sample418,113
signer27_sample419,45
signer27_sample420,182
signer27_sample421,145
signer27_sample422,95
signer27_sample423,126
signer27_sample424,224
signer27_sample425,78
signer27_sample426,46
signer27_sample427,95
signer27_sample428,78
signer27_sample429,78
signer27_sample430,81
signer27_sample431,215
signer27_sample432,114
signer27_sample433,41
signer27_sample434,218
signer27_sample435,11
signer27_sample436,37
signer27_sample437,50
signer27_sample438,101
signer27_sample439,188
signer27_sample440,218
signer27_sample441,37
signer27_sample442,37
signer27_sample443,215
signer27_sample444,101
signer27_sample445,62
signer27_sample446,33
signer27_sample447,183
signer27_sample448,119
signer27_sample449,28
signer27_sample450,224
signer27_sample451,134
signer27_sample452,95
signer27_sample453,167
signer27_sample454,218
signer27_sample455,78
signer27_sample456,134
signer27_sample457,158
signer27_sample458,126
signer27_sample459,37
signer27_sample460,224
signer27_sample461,0
signer27_sample462,31
signer27_sample463,215
signer27_sample464,179
signer27_sample465,31
signer27_sample466,195
signer27_sample467,41
signer27_sample468,90
signer27_sample469,7
signer27_sample470,78
signer27_sample471,195
signer27_sample472,79
signer27_sample473,205
signer27_sample474,210
signer27_sample475,102
signer27_sample476,66
signer27_sample477,61
signer27_sample478,218
signer27_sample479,224
signer27_sample480,195
signer27_sample481,177
signer27_sample482,205
signer27_sample483,81
signer27_sample484,224
signer27_sample485,219
signer27_sample486,88
signer27_sample487,37
signer27_sample488,218
signer27_sample489,78
signer27_sample490,179
signer27_sample491,224
signer27_sample492,61
signer27_sample493,69
signer27_sample494,224
signer27_sample495,48
signer27_sample496,63
signer27_sample497,48
signer27_sample498,126
signer27_sample499,210
signer27_sample500,163
signer27_sample501,126
signer27_sample502,195
signer27_sample503,0
signer27_sample504,37
signer27_sample505,81
signer27_sample506,163
signer27_sample507,0
signer27_sample508,11
signer27_sample509,167
signer27_sample510,162
signer27_sample511,61
signer27_sample512,134
signer27_sample513,167
signer27_sample514,218
signer27_sample515,174
signer27_sample516,188
signer27_sample517,132
signer27_sample518,61
signer27_sample519,78
signer27_sample520,45
signer27_sample521,61
signer27_sample522,182
signer27_sample523,37
signer27_sample524,205
signer27_sample525,131
signer27_sample526,188
signer27_sample527,139
signer27_sample528,199
signer27_sample529,61
signer27_sample530,31
signer27_sample531,61
signer27_sample532,205
signer27_sample533,37
signer27_sample534,126
signer27_sample535,41
signer27_sample536,132
signer27_sample537,33
signer27_sample538,145
signer27_sample539,212
signer27_sample540,37
signer27_sample541,81
signer27_sample542,41
signer27_sample543,21
signer27_sample544,33
signer27_sample545,83
signer27_sample546,145
signer27_sample547,215
signer27_sample548,61
signer27_sample549,215
signer27_sample550,218
signer27_sample551,37
signer27_sample552,169
signer27_sample553,78
signer27_sample554,61
signer27_sample555,145
signer27_sample556,62
signer27_sample557,167
signer27_sample558,45
signer27_sample559,215
signer27_sample560,218
signer27_sample561,224
signer27_sample562,59
signer27_sample563,139
signer27_sample564,97
signer27_sample565,134
signer27_sample566,48
signer27_sample567,145
signer27_sample568,61
signer27_sample569,37
signer27_sample570,162
signer27_sample571,218
signer27_sample572,78
signer27_sample573,7
signer27_sample574,61
signer27_sample575,204
signer27_sample576,78
signer27_sample577,33
signer27_sample578,145
signer27_sample579,179
signer27_sample580,132
signer27_sample581,218
signer27_sample582,204
signer27_sample583,139
signer27_sample584,134
signer27_sample585,37
signer27_sample586,69
signer27_sample587,51
signer27_sample588,112
signer27_sample589,139
signer27_sample590,142
signer27_sample591,37
signer27_sample592,145
signer27_sample593,195
signer27_sample594,101
signer27_sample595,103
signer27_sample596,171
signer27_sample597,224
signer27_sample598,37
signer27_sample599,37
signer27_sample600,146
signer27_sample601,179
signer27_sample602,195
signer27_sample603,224
signer27_sample604,201
signer27_sample605,61
signer27_sample606,95
signer27_sample607,134
signer27_sample608,179
signer27_sample609,224
signer27_sample610,61
signer27_sample611,69
signer27_sample612,61
signer27_sample613,37
signer27_sample614,119
signer27_sample615,145
signer27_sample616,195
signer27_sample617,224
signer27_sample618,59
signer27_sample619,78
signer27_sample620,37
signer27_sample621,61
signer27_sample622,218
signer27_sample623,48
signer27_sample624,31
signer27_sample625,78
signer27_sample626,218
signer27_sample627,0
signer27_sample628,37
signer27_sample629,61
signer27_sample630,205
signer27_sample631,63
signer27_sample632,59
signer27_sample633,37
signer27_sample634,33
signer27_sample635,30
signer27_sample636,0
signer27_sample637,61
signer27_sample638,179
signer27_sample639,45
signer30_sample1,0
signer30_sample2,162
signer30_sample3,179
signer30_sample4,134
signer30_sample5,126
signer30_sample6,59
signer30_sample7,145
signer30_sample8,78
signer30_sample9,171
signer30_sample10,78
signer30_sample11,169
signer30_sample12,37
signer30_sample13,164
signer30_sample14,199
signer30_sample15,61
signer30_sample16,61
signer30_sample17,61
signer30_sample18,215
signer30_sample19,30
signer30_sample20,145
signer30_sample21,139
signer30_sample22,132
signer30_sample23,131
signer30_sample24,145
signer30_sample25,224
signer30_sample26,61
signer30_sample27,224
signer30_sample28,167
signer30_sample29,224
signer30_sample30,163
signer30_sample31,224
signer30_sample32,28
signer30_sample33,0
signer30_sample34,78
signer30_sample35,56
signer30_sample36,195
signer30_sample37,132
signer30_sample38,101
signer30_sample39,112
signer30_sample40,179
signer30_sample41,31
signer30_sample42,145
signer30_sample43,179
signer30_sample44,78
signer30_sample45,78
signer30_sample46,61
signer30_sample47,132
signer30_sample48,145
signer30_sample49,81
signer30_sample50,179
signer30_sample51,97
signer30_sample52,0
signer30_sample53,48
signer30_sample54,29
signer30_sample55,174
signer30_sample56,176
signer30_sample57,126
signer30_sample58,132
signer30_sample59,37
signer30_sample60,145
signer30_sample61,78
signer30_sample62,11
signer30_sample63,199
signer30_sample64,61
signer30_sample65,161
signer30_sample66,145
signer30_sample67,31
signer30_sample68,145
signer30_sample69,195
signer30_sample70,61
signer30_sample71,179
signer30_sample72,90
signer30_sample73,61
signer30_sample74,31
signer30_sample75,205
signer30_sample76,11
signer30_sample77,61
signer30_sample78,61
signer30_sample79,31
signer30_sample80,124
signer30_sample81,224
signer30_sample82,94
signer30_sample83,31
signer30_sample84,199
signer30_sample85,33
signer30_sample86,61
signer30_sample87,37
signer30_sample88,224
signer30_sample89,179
signer30_sample90,28
signer30_sample91,31
signer30_sample92,188
signer30_sample93,199
signer30_sample94,41
signer30_sample95,78
signer30_sample96,205
signer30_sample97,0
signer30_sample98,78
signer30_sample99,179
signer30_sample100,205
signer30_sample101,126
signer30_sample102,41
signer30_sample103,158
signer30_sample104,0
signer30_sample105,162
signer30_sample106,118
signer30_sample107,62
signer30_sample108,33
signer30_sample109,218
signer30_sample110,126
signer30_sample111,101
signer30_sample112,61
signer30_sample113,162
signer30_sample114,78
signer30_sample115,126
signer30_sample116,43
signer30_sample117,37
signer30_sample118,61
signer30_sample119,30
signer30_sample120,145
signer30_sample121,50
signer30_sample122,158
signer30_sample123,145
signer30_sample124,78
signer30_sample125,224
signer30_sample126,145
signer30_sample127,61
signer30_sample128,17
signer30_sample129,145
signer30_sample130,195
signer30_sample131,37
signer30_sample132,126
signer30_sample133,199
signer30_sample134,22
signer30_sample135,78
signer30_sample136,199
signer30_sample137,37
signer30_sample138,126
signer30_sample139,176
signer30_sample140,97
signer30_sample141,66
signer30_sample142,188
signer30_sample143,145
signer30_sample144,183
signer30_sample145,61
signer30_sample146,179
signer30_sample147,179
signer30_sample148,81
signer30_sample149,69
signer30_sample150,0
signer30_sample151,145
signer30_sample152,0
signer30_sample153,162
signer30_sample154,145
signer30_sample155,167
signer30_sample156,31
signer30_sample157,0
signer30_sample158,61
signer30_sample159,97
signer30_sample160,145
signer30_sample161,11
signer30_sample162,145
signer30_sample163,69
signer30_sample164,61
signer30_sample165,167
signer30_sample166,31
signer30_sample167,124
signer30_sample168,201
signer30_sample169,224
signer30_sample170,66
signer30_sample171,210
signer30_sample172,224
signer30_sample173,33
signer30_sample174,118
signer30_sample175,179
signer30_sample176,199
signer30_sample177,56
signer30_sample178,33
signer30_sample179,78
signer30_sample180,224
signer30_sample181,0
signer30_sample182,94
signer30_sample183,78
signer30_sample184,0
signer30_sample185,126
signer30_sample186,145
signer30_sample187,78
signer30_sample188,17
signer30_sample189,182
signer30_sample190,33
signer30_sample191,61
signer30_sample192,179
signer30_sample193,218
signer30_sample194,61
signer30_sample195,132
signer30_sample196,69
signer30_sample197,131
signer30_sample198,61
signer30_sample199,61
signer30_sample200,134
signer30_sample201,182
signer30_sample202,224
signer30_sample203,179
signer30_sample204,134
signer30_sample205,224
signer30_sample206,118
signer30_sample207,90
signer30_sample208,70
signer30_sample209,48
signer30_sample210,0
signer30_sample211,101
signer30_sample212,145
signer30_sample213,145
signer30_sample214,0
signer30_sample215,78
signer30_sample216,132
signer30_sample217,101
signer30_sample218,78
signer30_sample219,1
signer30_sample220,29
signer30_sample221,126
signer30_sample222,70
signer30_sample223,169
signer30_sample224,61
signer30_sample225,171
signer30_sample226,218
signer30_sample227,145
signer30_sample228,11
signer30_sample229,169
signer30_sample230,94
signer30_sample231,0
signer30_sample232,118
signer30_sample233,134
signer30_sample234,37
signer30_sample235,132
signer30_sample236,94
signer30_sample237,224
signer30_sample238,31
signer30_sample239,126
signer30_sample240,134
signer30_sample241,199
signer30_sample242,61
signer30_sample243,145
signer30_sample244,205
signer30_sample245,183
signer30_sample246,48
signer30_sample247,45
signer30_sample248,167
signer30_sample249,37
signer30_sample250,31
signer30_sample251,69
signer30_sample252,176
signer30_sample253,210
signer30_sample254,145
signer30_sample255,179
signer30_sample256,0
signer30_sample257,183
signer30_sample258,145
signer30_sample259,224
signer30_sample260,199
signer30_sample261,145
signer30_sample262,31
signer30_sample263,33
signer30_sample264,126
signer30_sample265,190
signer30_sample266,145
signer30_sample267,126
signer30_sample268,139
signer30_sample269,11
signer30_sample270,134
signer30_sample271,61
signer30_sample272,78
signer30_sample273,134
signer30_sample274,179
signer30_sample275,224
signer30_sample276,224
signer30_sample277,59
signer30_sample278,90
signer30_sample279,162
signer30_sample280,224
signer30_sample281,31
signer30_sample282,132
signer30_sample283,78
signer30_sample284,195
signer30_sample285,224
signer30_sample286,224
signer30_sample287,195
signer30_sample288,50
signer30_sample289,224
signer30_sample290,31
signer30_sample291,0
signer30_sample292,97
signer30_sample293,145
signer30_sample294,145
signer30_sample295,61
signer30_sample296,145
signer30_sample297,139
signer30_sample298,101
signer30_sample299,218
signer30_sample300,158
signer30_sample301,145
signer30_sample302,224
signer30_sample303,78
signer30_sample304,132
signer30_sample305,164
signer30_sample306,145
signer30_sample307,167
signer30_sample308,126
signer30_sample309,124
signer30_sample310,59
signer30_sample311,37
signer30_sample312,134
signer30_sample313,0
signer30_sample314,48
signer30_sample315,78
signer30_sample316,61
signer30_sample317,154
signer30_sample318,92
signer30_sample319,37
signer30_sample320,37
signer30_sample321,61
signer30_sample322,205
signer30_sample323,78
signer30_sample324,205
signer30_sample325,126
signer30_sample326,126
signer30_sample327,61
signer30_sample328,188
signer30_sample329,179
signer30_sample330,161
signer30_sample331,0
signer30_sample332,62
signer30_sample333,134
signer30_sample334,37
signer30_sample335,37
signer30_sample336,78
signer30_sample337,69
signer30_sample338,61
signer30_sample339,218
signer30_sample340,145
signer30_sample341,199
signer30_sample342,37
signer30_sample343,102
signer30_sample344,11
signer30_sample345,78
signer30_sample346,224
signer30_sample347,118
signer30_sample348,199
signer30_sample349,37
signer30_sample350,59
signer30_sample351,31
signer30_sample352,132
signer30_sample353,61
signer30_sample354,37
signer30_sample355,78
signer30_sample356,37
signer30_sample357,205
signer30_sample358,126
signer30_sample359,145
signer30_sample360,112
signer30_sample361,31
signer30_sample362,139
signer30_sample363,145
signer30_sample364,31
signer30_sample365,37
signer30_sample366,78
signer30_sample367,199
signer30_sample368,61
signer30_sample369,224
signer30_sample370,145
signer30_sample371,31
signer30_sample372,139
signer30_sample373,179
signer30_sample374,33
signer30_sample375,215
signer30_sample376,195
signer30_sample377,132
signer30_sample378,48
signer30_sample379,145
signer30_sample380,145
signer30_sample381,145
signer30_sample382,37
signer30_sample383,69
signer30_sample384,182
signer30_sample385,145
signer30_sample386,224
signer30_sample387,199
signer30_sample388,145
signer30_sample389,61
signer30_sample390,158
signer30_sample391,103
signer30_sample392,145
signer30_sample393,224
signer30_sample394,205
signer30_sample395,179
signer30_sample396,132
signer30_sample397,61
signer30_sample398,145
signer30_sample399,69
signer30_sample400,101
signer30_sample401,169
signer30_sample402,21
signer30_sample403,126
signer30_sample404,61
signer30_sample405,212
signer30_sample406,0
signer30_sample407,224
signer30_sample408,66
signer30_sample409,224
signer30_sample410,61
signer30_sample411,113
signer30_sample412,0
signer30_sample413,54
signer30_sample414,167
signer30_sample415,162
signer30_sample416,59
signer30_sample417,21
signer30_sample418,205
signer30_sample419,145
signer30_sample420,69
signer30_sample421,0
signer30_sample422,199
signer30_sample423,145
signer30_sample424,90
signer30_sample425,0
signer30_sample426,158
signer30_sample427,61
signer30_sample428,132
signer30_sample429,78
signer30_sample430,139
signer30_sample431,0
signer30_sample432,101
signer30_sample433,224
signer30_sample434,126
signer30_sample435,201
signer30_sample436,78
signer30_sample437,126
signer30_sample438,102
signer30_sample439,78
signer30_sample440,59
signer30_sample441,132
signer30_sample442,124
signer30_sample443,61
signer30_sample444,61
signer30_sample445,78
signer30_sample446,145
signer30_sample447,31
signer30_sample448,81
signer30_sample449,145
signer30_sample450,184
signer30_sample451,7
signer30_sample452,48
signer30_sample453,126
signer30_sample454,183
signer30_sample455,31
signer30_sample456,41
signer30_sample457,101
signer30_sample458,145
signer30_sample459,37
signer30_sample460,224
signer30_sample461,31
signer30_sample462,61
signer30_sample463,126
signer30_sample464,37
signer30_sample465,31
signer30_sample466,224
signer30_sample467,31
signer30_sample468,139
signer30_sample469,78
signer30_sample470,0
signer30_sample471,224
signer30_sample472,126
signer30_sample473,78
signer30_sample474,78
signer30_sample475,78
signer30_sample476,199
signer30_sample477,97
signer30_sample478,61
signer30_sample479,179
signer30_sample480,145
signer30_sample481,183
signer30_sample482,164
signer30_sample483,145
signer30_sample484,139
signer30_sample485,199
signer30_sample486,103
signer30_sample487,199
signer30_sample488,205
signer30_sample489,59
signer30_sample490,126
signer30_sample491,0
signer30_sample492,31
signer30_sample493,113
signer30_sample494,183
signer30_sample495,179
signer30_sample496,145
signer30_sample497,94
signer30_sample498,151
signer30_sample499,199
signer30_sample500,0
signer30_sample501,145
signer30_sample502,224
signer30_sample503,37
signer30_sample504,205
signer30_sample505,61
signer30_sample506,103
signer30_sample507,90
signer30_sample508,145
signer30_sample509,224
signer30_sample510,31
signer30_sample511,190
signer30_sample512,145
signer30_sample513,1
signer30_sample514,37
signer30_sample515,195
signer30_sample516,205
signer30_sample517,126
signer30_sample518,145
signer30_sample519,69
signer30_sample520,182
signer30_sample521,37
signer30_sample522,179
signer30_sample523,145
signer30_sample524,145
signer30_sample525,0
signer30_sample526,101
signer30_sample527,31
signer30_sample528,224
signer30_sample529,31
signer30_sample530,33
signer30_sample531,78
signer30_sample532,0
signer30_sample533,179
signer30_sample534,113
signer30_sample535,11
signer30_sample536,224
signer30_sample537,224
signer30_sample538,113
signer30_sample539,145
signer30_sample540,205
signer30_sample541,134
signer30_sample542,88
signer30_sample543,31
signer30_sample544,69
signer30_sample545,145
signer30_sample546,78
signer30_sample547,61
signer30_sample548,131
signer30_sample549,78
signer30_sample550,0
signer30_sample551,106
signer30_sample552,190
signer30_sample553,31
signer30_sample554,102
signer30_sample555,113
signer30_sample556,82
signer30_sample557,145
signer30_sample558,205
signer30_sample559,7
signer30_sample560,164
signer30_sample561,195
signer30_sample562,199
signer30_sample563,132
signer30_sample564,124
signer30_sample565,224
signer30_sample566,78
signer30_sample567,131
signer30_sample568,37
signer30_sample569,31
signer30_sample570,78
signer30_sample571,31
signer30_sample572,183
signer30_sample573,37
signer30_sample574,179
signer30_sample575,69
signer30_sample576,195
signer30_sample577,205
signer30_sample578,101
signer30_sample579,78
signer30_sample580,78
signer30_sample581,205
signer30_sample582,126
signer30_sample583,0
signer30_sample584,199
signer30_sample585,61
signer30_sample586,145
signer30_sample587,171
signer30_sample588,145
signer30_sample589,224
signer30_sample590,102
signer30_sample591,195
signer30_sample592,45
signer30_sample593,97
signer30_sample594,29
signer30_sample595,26
signer30_sample596,0
signer30_sample597,78
signer30_sample598,145
signer30_sample599,145
signer30_sample600,31
signer30_sample601,151
signer30_sample602,29
signer30_sample603,224
signer30_sample604,48
signer30_sample605,78
signer30_sample606,126
signer30_sample607,61
signer30_sample608,61
signer30_sample609,145
signer30_sample610,205
signer30_sample611,59
signer30_sample612,224
signer30_sample613,162
signer30_sample614,126
signer30_sample615,31
signer30_sample616,59
signer30_sample617,218
signer30_sample618,101
signer30_sample619,179
signer30_sample620,126
signer30_sample621,126
signer30_sample622,162
signer30_sample623,69
signer30_sample624,126
signer30_sample625,174
signer30_sample626,31
signer30_sample627,145
signer30_sample628,151
signer30_sample629,0
signer30_sample630,97
signer30_sample631,78
signer30_sample632,205
signer30_sample633,179
signer30_sample634,224
signer30_sample635,199
signer30_sample636,11
signer30_sample637,61
signer30_sample638,126
signer30_sample639,25
signer30_sample640,126
signer30_sample641,205
signer30_sample642,179
signer30_sample643,37
signer30_sample644,69
signer30_sample645,179
signer30_sample646,224
signer30_sample647,158
signer30_sample648,61
signer30_sample649,214
signer30_sample650,25
signer30_sample651,28
signer30_sample652,126
signer30_sample653,61
signer30_sample654,179
signer30_sample655,97
signer30_sample656,132
signer30_sample657,224
signer30_sample658,224
signer30_sample659,145
signer30_sample660,78
signer30_sample661,224
signer30_sample662,145
